attendance_key,member_key,date_key,attendance_count,load_timestamp
1,20,20260626,1,"2026-07-16 22:48:39"
2,20,20260501,1,"2026-07-16 22:48:39"
3,20,20260708,1,"2026-07-16 22:48:39"
4,20,20260623,1,"2026-07-16 22:48:39"
5,20,20260502,1,"2026-07-16 22:48:39"
6,20,20260628,1,"2026-07-16 22:48:39"
7,20,20260429,1,"2026-07-16 22:48:39"
8,20,20260427,1,"2026-07-16 22:48:39"
9,20,20260426,1,"2026-07-16 22:48:39"
10,20,20260611,1,"2026-07-16 22:48:39"
11,20,20260528,1,"2026-07-16 22:48:39"
12,20,20260421,1,"2026-07-16 22:48:39"
13,20,20260523,1,"2026-07-16 22:48:39"
14,20,20260704,1,"2026-07-16 22:48:39"
15,20,20260601,1,"2026-07-16 22:48:39"
16,20,20260419,1,"2026-07-16 22:48:39"
17,20,20260703,1,"2026-07-16 22:48:39"
18,20,20260605,1,"2026-07-16 22:48:39"
19,20,20260422,1,"2026-07-16 22:48:39"
20,20,20260512,1,"2026-07-16 22:48:39"
21,20,20260509,1,"2026-07-16 22:48:39"
22,20,20260517,1,"2026-07-16 22:48:39"
23,20,20260707,1,"2026-07-16 22:48:39"
24,20,20260524,1,"2026-07-16 22:48:39"
25,20,20260702,1,"2026-07-16 22:48:39"
26,20,20260423,1,"2026-07-16 22:48:39"
27,20,20260614,1,"2026-07-16 22:48:39"
28,20,20260714,1,"2026-07-16 22:48:39"
29,20,20260701,1,"2026-07-16 22:48:39"
30,20,20260620,1,"2026-07-16 22:48:39"
31,20,20260530,1,"2026-07-16 22:48:39"
32,20,20260612,1,"2026-07-16 22:48:39"
33,20,20260430,1,"2026-07-16 22:48:39"
34,20,20260603,1,"2026-07-16 22:48:39"
35,20,20260607,1,"2026-07-16 22:48:39"
36,20,20260417,1,"2026-07-16 22:48:39"
37,20,20260617,1,"2026-07-16 22:48:39"
38,20,20260621,1,"2026-07-16 22:48:39"
39,20,20260428,1,"2026-07-16 22:48:39"
40,20,20260602,1,"2026-07-16 22:48:39"
41,20,20260505,1,"2026-07-16 22:48:39"
42,20,20260629,1,"2026-07-16 22:48:39"
43,20,20260510,1,"2026-07-16 22:48:39"
44,20,20260710,1,"2026-07-16 22:48:39"
45,20,20260713,1,"2026-07-16 22:48:39"
46,20,20260606,1,"2026-07-16 22:48:39"
47,20,20260712,1,"2026-07-16 22:48:39"
48,20,20260521,1,"2026-07-16 22:48:39"
49,20,20260529,1,"2026-07-16 22:48:39"
50,20,20260416,1,"2026-07-16 22:48:39"
51,20,20260520,1,"2026-07-16 22:48:39"
52,20,20260613,1,"2026-07-16 22:48:39"
53,20,20260622,1,"2026-07-16 22:48:39"
54,20,20260615,1,"2026-07-16 22:48:39"
55,20,20260608,1,"2026-07-16 22:48:39"
56,20,20260711,1,"2026-07-16 22:48:39"
57,20,20260424,1,"2026-07-16 22:48:39"
58,20,20260616,1,"2026-07-16 22:48:39"
59,20,20260511,1,"2026-07-16 22:48:39"
60,20,20260508,1,"2026-07-16 22:48:39"
61,20,20260425,1,"2026-07-16 22:48:39"
62,20,20260619,1,"2026-07-16 22:48:39"
63,20,20260519,1,"2026-07-16 22:48:39"
64,20,20260513,1,"2026-07-16 22:48:39"
65,20,20260503,1,"2026-07-16 22:48:39"
66,20,20260624,1,"2026-07-16 22:48:39"
67,20,20260610,1,"2026-07-16 22:48:39"
68,20,20260504,1,"2026-07-16 22:48:39"
69,33,20260507,1,"2026-07-16 22:48:39"
70,33,20260605,1,"2026-07-16 22:48:39"
71,33,20260527,1,"2026-07-16 22:48:39"
72,33,20260528,1,"2026-07-16 22:48:39"
73,33,20260622,1,"2026-07-16 22:48:39"
74,33,20260514,1,"2026-07-16 22:48:39"
75,33,20260427,1,"2026-07-16 22:48:39"
76,33,20260618,1,"2026-07-16 22:48:39"
77,33,20260513,1,"2026-07-16 22:48:39"
78,33,20260603,1,"2026-07-16 22:48:39"
79,33,20260526,1,"2026-07-16 22:48:39"
80,33,20260629,1,"2026-07-16 22:48:39"
81,33,20260515,1,"2026-07-16 22:48:39"
82,33,20260703,1,"2026-07-16 22:48:39"
83,33,20260504,1,"2026-07-16 22:48:39"
84,33,20260508,1,"2026-07-16 22:48:39"
85,33,20260512,1,"2026-07-16 22:48:39"
86,33,20260525,1,"2026-07-16 22:48:39"
87,33,20260627,1,"2026-07-16 22:48:39"
88,33,20260620,1,"2026-07-16 22:48:39"
89,33,20260510,1,"2026-07-16 22:48:39"
90,33,20260428,1,"2026-07-16 22:48:39"
91,33,20260705,1,"2026-07-16 22:48:39"
92,33,20260430,1,"2026-07-16 22:48:39"
93,33,20260704,1,"2026-07-16 22:48:39"
94,33,20260426,1,"2026-07-16 22:48:39"
95,33,20260530,1,"2026-07-16 22:48:39"
96,33,20260501,1,"2026-07-16 22:48:39"
97,33,20260713,1,"2026-07-16 22:48:39"
98,33,20260621,1,"2026-07-16 22:48:39"
99,33,20260624,1,"2026-07-16 22:48:39"
100,33,20260418,1,"2026-07-16 22:48:39"
101,33,20260606,1,"2026-07-16 22:48:39"
102,33,20260503,1,"2026-07-16 22:48:39"
103,33,20260613,1,"2026-07-16 22:48:39"
104,33,20260419,1,"2026-07-16 22:48:39"
105,33,20260609,1,"2026-07-16 22:48:39"
106,33,20260516,1,"2026-07-16 22:48:39"
107,33,20260425,1,"2026-07-16 22:48:39"
108,33,20260423,1,"2026-07-16 22:48:39"
109,33,20260702,1,"2026-07-16 22:48:39"
110,33,20260615,1,"2026-07-16 22:48:39"
111,33,20260424,1,"2026-07-16 22:48:39"
112,33,20260523,1,"2026-07-16 22:48:39"
113,33,20260706,1,"2026-07-16 22:48:39"
114,33,20260626,1,"2026-07-16 22:48:39"
115,33,20260625,1,"2026-07-16 22:48:39"
116,33,20260520,1,"2026-07-16 22:48:39"
117,33,20260509,1,"2026-07-16 22:48:39"
118,33,20260511,1,"2026-07-16 22:48:39"
119,33,20260529,1,"2026-07-16 22:48:39"
120,33,20260602,1,"2026-07-16 22:48:39"
121,33,20260505,1,"2026-07-16 22:48:39"
122,33,20260531,1,"2026-07-16 22:48:39"
123,33,20260506,1,"2026-07-16 22:48:39"
124,33,20260517,1,"2026-07-16 22:48:39"
125,33,20260607,1,"2026-07-16 22:48:39"
126,33,20260714,1,"2026-07-16 22:48:39"
127,33,20260610,1,"2026-07-16 22:48:39"
128,33,20260612,1,"2026-07-16 22:48:39"
129,21,20260512,1,"2026-07-16 22:48:39"
130,21,20260624,1,"2026-07-16 22:48:39"
131,21,20260610,1,"2026-07-16 22:48:39"
132,21,20260707,1,"2026-07-16 22:48:39"
133,21,20260504,1,"2026-07-16 22:48:39"
134,21,20260423,1,"2026-07-16 22:48:39"
135,21,20260511,1,"2026-07-16 22:48:39"
136,21,20260528,1,"2026-07-16 22:48:39"
137,21,20260503,1,"2026-07-16 22:48:39"
138,21,20260506,1,"2026-07-16 22:48:39"
139,21,20260426,1,"2026-07-16 22:48:39"
140,21,20260608,1,"2026-07-16 22:48:39"
141,21,20260527,1,"2026-07-16 22:48:39"
142,21,20260514,1,"2026-07-16 22:48:39"
143,21,20260628,1,"2026-07-16 22:48:39"
144,21,20260708,1,"2026-07-16 22:48:39"
145,21,20260616,1,"2026-07-16 22:48:39"
146,21,20260619,1,"2026-07-16 22:48:39"
147,21,20260703,1,"2026-07-16 22:48:39"
148,21,20260613,1,"2026-07-16 22:48:39"
149,21,20260607,1,"2026-07-16 22:48:39"
150,21,20260529,1,"2026-07-16 22:48:39"
151,21,20260520,1,"2026-07-16 22:48:39"
152,21,20260510,1,"2026-07-16 22:48:39"
153,21,20260418,1,"2026-07-16 22:48:39"
154,21,20260518,1,"2026-07-16 22:48:39"
155,21,20260420,1,"2026-07-16 22:48:39"
156,21,20260604,1,"2026-07-16 22:48:39"
157,21,20260627,1,"2026-07-16 22:48:39"
158,21,20260614,1,"2026-07-16 22:48:39"
159,21,20260612,1,"2026-07-16 22:48:39"
160,21,20260702,1,"2026-07-16 22:48:39"
161,21,20260519,1,"2026-07-16 22:48:39"
162,21,20260526,1,"2026-07-16 22:48:39"
163,21,20260625,1,"2026-07-16 22:48:39"
164,21,20260630,1,"2026-07-16 22:48:39"
165,21,20260621,1,"2026-07-16 22:48:39"
166,21,20260509,1,"2026-07-16 22:48:39"
167,21,20260706,1,"2026-07-16 22:48:39"
168,21,20260501,1,"2026-07-16 22:48:39"
169,21,20260428,1,"2026-07-16 22:48:39"
170,21,20260427,1,"2026-07-16 22:48:39"
171,21,20260507,1,"2026-07-16 22:48:39"
172,21,20260508,1,"2026-07-16 22:48:39"
173,21,20260611,1,"2026-07-16 22:48:39"
174,21,20260424,1,"2026-07-16 22:48:39"
175,21,20260530,1,"2026-07-16 22:48:39"
176,21,20260416,1,"2026-07-16 22:48:39"
177,21,20260517,1,"2026-07-16 22:48:39"
178,21,20260606,1,"2026-07-16 22:48:39"
179,21,20260701,1,"2026-07-16 22:48:39"
180,21,20260712,1,"2026-07-16 22:48:39"
181,21,20260602,1,"2026-07-16 22:48:39"
182,21,20260524,1,"2026-07-16 22:48:39"
183,21,20260421,1,"2026-07-16 22:48:39"
184,21,20260609,1,"2026-07-16 22:48:39"
185,21,20260626,1,"2026-07-16 22:48:39"
186,21,20260521,1,"2026-07-16 22:48:39"
187,21,20260623,1,"2026-07-16 22:48:39"
188,21,20260419,1,"2026-07-16 22:48:39"
189,21,20260605,1,"2026-07-16 22:48:39"
190,21,20260505,1,"2026-07-16 22:48:39"
191,21,20260422,1,"2026-07-16 22:48:39"
192,21,20260417,1,"2026-07-16 22:48:39"
193,21,20260704,1,"2026-07-16 22:48:39"
194,21,20260710,1,"2026-07-16 22:48:39"
195,21,20260516,1,"2026-07-16 22:48:39"
196,21,20260515,1,"2026-07-16 22:48:39"
197,21,20260622,1,"2026-07-16 22:48:39"
198,64,20260510,1,"2026-07-16 22:48:39"
199,64,20260423,1,"2026-07-16 22:48:39"
200,64,20260509,1,"2026-07-16 22:48:39"
201,64,20260511,1,"2026-07-16 22:48:39"
202,64,20260422,1,"2026-07-16 22:48:39"
203,64,20260615,1,"2026-07-16 22:48:39"
204,64,20260714,1,"2026-07-16 22:48:39"
205,64,20260609,1,"2026-07-16 22:48:39"
206,64,20260517,1,"2026-07-16 22:48:39"
207,64,20260528,1,"2026-07-16 22:48:39"
208,64,20260516,1,"2026-07-16 22:48:39"
209,64,20260523,1,"2026-07-16 22:48:39"
210,64,20260508,1,"2026-07-16 22:48:39"
211,64,20260617,1,"2026-07-16 22:48:39"
212,64,20260705,1,"2026-07-16 22:48:39"
213,64,20260611,1,"2026-07-16 22:48:39"
214,64,20260502,1,"2026-07-16 22:48:39"
215,64,20260506,1,"2026-07-16 22:48:39"
216,64,20260522,1,"2026-07-16 22:48:39"
217,64,20260430,1,"2026-07-16 22:48:39"
218,64,20260527,1,"2026-07-16 22:48:39"
219,64,20260630,1,"2026-07-16 22:48:39"
220,64,20260602,1,"2026-07-16 22:48:39"
221,64,20260707,1,"2026-07-16 22:48:39"
222,64,20260416,1,"2026-07-16 22:48:39"
223,64,20260704,1,"2026-07-16 22:48:39"
224,64,20260618,1,"2026-07-16 22:48:39"
225,64,20260610,1,"2026-07-16 22:48:39"
226,64,20260531,1,"2026-07-16 22:48:39"
227,64,20260427,1,"2026-07-16 22:48:39"
228,64,20260710,1,"2026-07-16 22:48:39"
229,64,20260526,1,"2026-07-16 22:48:39"
230,64,20260713,1,"2026-07-16 22:48:39"
231,64,20260621,1,"2026-07-16 22:48:39"
232,64,20260711,1,"2026-07-16 22:48:39"
233,64,20260626,1,"2026-07-16 22:48:39"
234,64,20260425,1,"2026-07-16 22:48:39"
235,64,20260504,1,"2026-07-16 22:48:39"
236,64,20260501,1,"2026-07-16 22:48:39"
237,64,20260426,1,"2026-07-16 22:48:39"
238,64,20260417,1,"2026-07-16 22:48:39"
239,64,20260608,1,"2026-07-16 22:48:39"
240,64,20260606,1,"2026-07-16 22:48:39"
241,64,20260514,1,"2026-07-16 22:48:39"
242,64,20260605,1,"2026-07-16 22:48:39"
243,64,20260421,1,"2026-07-16 22:48:39"
244,64,20260513,1,"2026-07-16 22:48:39"
245,64,20260518,1,"2026-07-16 22:48:39"
246,64,20260601,1,"2026-07-16 22:48:39"
247,64,20260424,1,"2026-07-16 22:48:39"
248,64,20260515,1,"2026-07-16 22:48:39"
249,64,20260530,1,"2026-07-16 22:48:39"
250,64,20260505,1,"2026-07-16 22:48:39"
251,64,20260420,1,"2026-07-16 22:48:39"
252,64,20260622,1,"2026-07-16 22:48:39"
253,64,20260612,1,"2026-07-16 22:48:39"
254,64,20260701,1,"2026-07-16 22:48:39"
255,66,20260708,1,"2026-07-16 22:48:39"
256,66,20260501,1,"2026-07-16 22:48:39"
257,66,20260610,1,"2026-07-16 22:48:39"
258,66,20260424,1,"2026-07-16 22:48:39"
259,66,20260625,1,"2026-07-16 22:48:39"
260,66,20260515,1,"2026-07-16 22:48:39"
261,66,20260703,1,"2026-07-16 22:48:39"
262,66,20260601,1,"2026-07-16 22:48:39"
263,66,20260628,1,"2026-07-16 22:48:39"
264,66,20260712,1,"2026-07-16 22:48:39"
265,66,20260417,1,"2026-07-16 22:48:39"
266,66,20260704,1,"2026-07-16 22:48:39"
267,66,20260618,1,"2026-07-16 22:48:39"
268,66,20260521,1,"2026-07-16 22:48:39"
269,66,20260423,1,"2026-07-16 22:48:39"
270,66,20260530,1,"2026-07-16 22:48:39"
271,66,20260604,1,"2026-07-16 22:48:39"
272,66,20260616,1,"2026-07-16 22:48:39"
273,66,20260620,1,"2026-07-16 22:48:39"
274,66,20260611,1,"2026-07-16 22:48:39"
275,66,20260422,1,"2026-07-16 22:48:39"
276,66,20260416,1,"2026-07-16 22:48:39"
277,66,20260706,1,"2026-07-16 22:48:39"
278,66,20260516,1,"2026-07-16 22:48:39"
279,66,20260504,1,"2026-07-16 22:48:39"
280,66,20260505,1,"2026-07-16 22:48:39"
281,66,20260427,1,"2026-07-16 22:48:39"
282,66,20260507,1,"2026-07-16 22:48:39"
283,66,20260623,1,"2026-07-16 22:48:39"
284,66,20260624,1,"2026-07-16 22:48:39"
285,66,20260519,1,"2026-07-16 22:48:39"
286,66,20260612,1,"2026-07-16 22:48:39"
287,66,20260613,1,"2026-07-16 22:48:39"
288,66,20260525,1,"2026-07-16 22:48:39"
289,66,20260526,1,"2026-07-16 22:48:39"
290,66,20260603,1,"2026-07-16 22:48:39"
291,66,20260512,1,"2026-07-16 22:48:39"
292,66,20260615,1,"2026-07-16 22:48:39"
293,66,20260607,1,"2026-07-16 22:48:39"
294,66,20260502,1,"2026-07-16 22:48:39"
295,66,20260513,1,"2026-07-16 22:48:39"
296,66,20260702,1,"2026-07-16 22:48:39"
297,66,20260701,1,"2026-07-16 22:48:39"
298,66,20260420,1,"2026-07-16 22:48:39"
299,66,20260630,1,"2026-07-16 22:48:39"
300,66,20260711,1,"2026-07-16 22:48:39"
301,66,20260506,1,"2026-07-16 22:48:39"
302,66,20260510,1,"2026-07-16 22:48:39"
303,66,20260605,1,"2026-07-16 22:48:39"
304,66,20260709,1,"2026-07-16 22:48:39"
305,66,20260626,1,"2026-07-16 22:48:39"
306,66,20260426,1,"2026-07-16 22:48:39"
307,66,20260429,1,"2026-07-16 22:48:39"
308,66,20260629,1,"2026-07-16 22:48:39"
309,66,20260622,1,"2026-07-16 22:48:39"
310,66,20260714,1,"2026-07-16 22:48:39"
311,66,20260524,1,"2026-07-16 22:48:39"
312,85,20260426,1,"2026-07-16 22:48:39"
313,85,20260515,1,"2026-07-16 22:48:39"
314,85,20260704,1,"2026-07-16 22:48:39"
315,85,20260609,1,"2026-07-16 22:48:39"
316,85,20260504,1,"2026-07-16 22:48:39"
317,85,20260625,1,"2026-07-16 22:48:39"
318,85,20260618,1,"2026-07-16 22:48:39"
319,85,20260509,1,"2026-07-16 22:48:39"
320,85,20260615,1,"2026-07-16 22:48:39"
321,85,20260419,1,"2026-07-16 22:48:39"
322,85,20260620,1,"2026-07-16 22:48:39"
323,85,20260427,1,"2026-07-16 22:48:39"
324,85,20260517,1,"2026-07-16 22:48:39"
325,85,20260703,1,"2026-07-16 22:48:39"
326,85,20260428,1,"2026-07-16 22:48:39"
327,85,20260706,1,"2026-07-16 22:48:39"
328,85,20260421,1,"2026-07-16 22:48:39"
329,85,20260523,1,"2026-07-16 22:48:39"
330,85,20260712,1,"2026-07-16 22:48:39"
331,85,20260709,1,"2026-07-16 22:48:39"
332,85,20260522,1,"2026-07-16 22:48:39"
333,85,20260516,1,"2026-07-16 22:48:39"
334,85,20260627,1,"2026-07-16 22:48:39"
335,85,20260714,1,"2026-07-16 22:48:39"
336,85,20260424,1,"2026-07-16 22:48:39"
337,85,20260521,1,"2026-07-16 22:48:39"
338,85,20260527,1,"2026-07-16 22:48:39"
339,85,20260623,1,"2026-07-16 22:48:39"
340,85,20260530,1,"2026-07-16 22:48:39"
341,85,20260508,1,"2026-07-16 22:48:39"
342,85,20260429,1,"2026-07-16 22:48:39"
343,85,20260711,1,"2026-07-16 22:48:39"
344,85,20260514,1,"2026-07-16 22:48:39"
345,85,20260701,1,"2026-07-16 22:48:39"
346,85,20260526,1,"2026-07-16 22:48:39"
347,85,20260713,1,"2026-07-16 22:48:39"
348,85,20260520,1,"2026-07-16 22:48:39"
349,85,20260607,1,"2026-07-16 22:48:39"
350,85,20260624,1,"2026-07-16 22:48:39"
351,85,20260602,1,"2026-07-16 22:48:39"
352,85,20260630,1,"2026-07-16 22:48:39"
353,85,20260622,1,"2026-07-16 22:48:39"
354,85,20260529,1,"2026-07-16 22:48:39"
355,85,20260423,1,"2026-07-16 22:48:39"
356,85,20260628,1,"2026-07-16 22:48:39"
357,85,20260610,1,"2026-07-16 22:48:39"
358,85,20260603,1,"2026-07-16 22:48:39"
359,85,20260707,1,"2026-07-16 22:48:39"
360,85,20260506,1,"2026-07-16 22:48:39"
361,85,20260601,1,"2026-07-16 22:48:39"
362,85,20260629,1,"2026-07-16 22:48:39"
363,85,20260501,1,"2026-07-16 22:48:39"
364,85,20260611,1,"2026-07-16 22:48:39"
365,85,20260606,1,"2026-07-16 22:48:39"
366,85,20260416,1,"2026-07-16 22:48:39"
367,85,20260524,1,"2026-07-16 22:48:39"
368,85,20260511,1,"2026-07-16 22:48:39"
369,85,20260418,1,"2026-07-16 22:48:39"
370,85,20260512,1,"2026-07-16 22:48:39"
371,85,20260519,1,"2026-07-16 22:48:39"
372,85,20260525,1,"2026-07-16 22:48:39"
373,85,20260710,1,"2026-07-16 22:48:39"
374,85,20260502,1,"2026-07-16 22:48:39"
375,85,20260417,1,"2026-07-16 22:48:39"
376,85,20260510,1,"2026-07-16 22:48:39"
377,85,20260614,1,"2026-07-16 22:48:39"
378,85,20260708,1,"2026-07-16 22:48:39"
379,85,20260613,1,"2026-07-16 22:48:39"
380,85,20260702,1,"2026-07-16 22:48:39"
381,85,20260505,1,"2026-07-16 22:48:39"
382,85,20260608,1,"2026-07-16 22:48:39"
383,28,20260515,1,"2026-07-16 22:48:39"
384,28,20260710,1,"2026-07-16 22:48:39"
385,28,20260511,1,"2026-07-16 22:48:39"
386,28,20260610,1,"2026-07-16 22:48:39"
387,28,20260508,1,"2026-07-16 22:48:39"
388,28,20260625,1,"2026-07-16 22:48:39"
389,28,20260530,1,"2026-07-16 22:48:39"
390,28,20260626,1,"2026-07-16 22:48:39"
391,28,20260503,1,"2026-07-16 22:48:39"
392,28,20260602,1,"2026-07-16 22:48:39"
393,28,20260611,1,"2026-07-16 22:48:39"
394,28,20260524,1,"2026-07-16 22:48:39"
395,28,20260518,1,"2026-07-16 22:48:39"
396,28,20260509,1,"2026-07-16 22:48:39"
397,28,20260502,1,"2026-07-16 22:48:39"
398,28,20260705,1,"2026-07-16 22:48:39"
399,28,20260424,1,"2026-07-16 22:48:39"
400,28,20260703,1,"2026-07-16 22:48:39"
401,28,20260512,1,"2026-07-16 22:48:39"
402,28,20260612,1,"2026-07-16 22:48:39"
403,28,20260516,1,"2026-07-16 22:48:39"
404,28,20260425,1,"2026-07-16 22:48:39"
405,28,20260601,1,"2026-07-16 22:48:39"
406,28,20260702,1,"2026-07-16 22:48:39"
407,28,20260614,1,"2026-07-16 22:48:39"
408,28,20260430,1,"2026-07-16 22:48:39"
409,28,20260520,1,"2026-07-16 22:48:39"
410,28,20260531,1,"2026-07-16 22:48:39"
411,28,20260426,1,"2026-07-16 22:48:39"
412,28,20260630,1,"2026-07-16 22:48:39"
413,28,20260603,1,"2026-07-16 22:48:39"
414,28,20260604,1,"2026-07-16 22:48:39"
415,28,20260510,1,"2026-07-16 22:48:39"
416,28,20260706,1,"2026-07-16 22:48:39"
417,28,20260417,1,"2026-07-16 22:48:39"
418,28,20260421,1,"2026-07-16 22:48:39"
419,28,20260525,1,"2026-07-16 22:48:39"
420,28,20260609,1,"2026-07-16 22:48:39"
421,28,20260507,1,"2026-07-16 22:48:39"
422,28,20260608,1,"2026-07-16 22:48:39"
423,28,20260422,1,"2026-07-16 22:48:39"
424,28,20260419,1,"2026-07-16 22:48:39"
425,28,20260514,1,"2026-07-16 22:48:39"
426,28,20260506,1,"2026-07-16 22:48:39"
427,28,20260528,1,"2026-07-16 22:48:39"
428,28,20260617,1,"2026-07-16 22:48:39"
429,28,20260428,1,"2026-07-16 22:48:39"
430,28,20260523,1,"2026-07-16 22:48:39"
431,28,20260517,1,"2026-07-16 22:48:39"
432,28,20260505,1,"2026-07-16 22:48:39"
433,28,20260708,1,"2026-07-16 22:48:39"
434,28,20260616,1,"2026-07-16 22:48:39"
435,28,20260622,1,"2026-07-16 22:48:39"
436,28,20260713,1,"2026-07-16 22:48:39"
437,28,20260618,1,"2026-07-16 22:48:39"
438,45,20260516,1,"2026-07-16 22:48:39"
439,45,20260702,1,"2026-07-16 22:48:39"
440,45,20260509,1,"2026-07-16 22:48:39"
441,45,20260427,1,"2026-07-16 22:48:39"
442,45,20260614,1,"2026-07-16 22:48:39"
443,45,20260617,1,"2026-07-16 22:48:39"
444,45,20260713,1,"2026-07-16 22:48:39"
445,45,20260621,1,"2026-07-16 22:48:39"
446,45,20260525,1,"2026-07-16 22:48:39"
447,45,20260629,1,"2026-07-16 22:48:39"
448,45,20260709,1,"2026-07-16 22:48:39"
449,45,20260603,1,"2026-07-16 22:48:39"
450,45,20260704,1,"2026-07-16 22:48:39"
451,45,20260529,1,"2026-07-16 22:48:39"
452,45,20260520,1,"2026-07-16 22:48:39"
453,45,20260602,1,"2026-07-16 22:48:39"
454,45,20260429,1,"2026-07-16 22:48:39"
455,45,20260618,1,"2026-07-16 22:48:39"
456,45,20260711,1,"2026-07-16 22:48:39"
457,45,20260705,1,"2026-07-16 22:48:39"
458,45,20260612,1,"2026-07-16 22:48:39"
459,45,20260518,1,"2026-07-16 22:48:39"
460,45,20260611,1,"2026-07-16 22:48:39"
461,45,20260530,1,"2026-07-16 22:48:39"
462,45,20260627,1,"2026-07-16 22:48:39"
463,45,20260430,1,"2026-07-16 22:48:39"
464,45,20260417,1,"2026-07-16 22:48:39"
465,45,20260425,1,"2026-07-16 22:48:39"
466,45,20260515,1,"2026-07-16 22:48:39"
467,45,20260708,1,"2026-07-16 22:48:39"
468,45,20260703,1,"2026-07-16 22:48:39"
469,45,20260628,1,"2026-07-16 22:48:39"
470,45,20260506,1,"2026-07-16 22:48:39"
471,45,20260624,1,"2026-07-16 22:48:39"
472,45,20260501,1,"2026-07-16 22:48:39"
473,45,20260620,1,"2026-07-16 22:48:39"
474,45,20260622,1,"2026-07-16 22:48:39"
475,45,20260420,1,"2026-07-16 22:48:39"
476,45,20260619,1,"2026-07-16 22:48:39"
477,45,20260505,1,"2026-07-16 22:48:39"
478,45,20260531,1,"2026-07-16 22:48:39"
479,45,20260710,1,"2026-07-16 22:48:39"
480,45,20260616,1,"2026-07-16 22:48:39"
481,45,20260608,1,"2026-07-16 22:48:39"
482,45,20260625,1,"2026-07-16 22:48:39"
483,45,20260706,1,"2026-07-16 22:48:39"
484,45,20260428,1,"2026-07-16 22:48:39"
485,45,20260504,1,"2026-07-16 22:48:39"
486,45,20260418,1,"2026-07-16 22:48:39"
487,45,20260528,1,"2026-07-16 22:48:39"
488,45,20260604,1,"2026-07-16 22:48:39"
489,45,20260613,1,"2026-07-16 22:48:39"
490,45,20260426,1,"2026-07-16 22:48:39"
491,45,20260607,1,"2026-07-16 22:48:39"
492,45,20260416,1,"2026-07-16 22:48:39"
493,45,20260517,1,"2026-07-16 22:48:39"
494,45,20260524,1,"2026-07-16 22:48:39"
495,45,20260701,1,"2026-07-16 22:48:39"
496,45,20260424,1,"2026-07-16 22:48:39"
497,45,20260630,1,"2026-07-16 22:48:39"
498,45,20260526,1,"2026-07-16 22:48:39"
499,45,20260623,1,"2026-07-16 22:48:39"
500,45,20260422,1,"2026-07-16 22:48:39"
501,45,20260527,1,"2026-07-16 22:48:39"
502,45,20260510,1,"2026-07-16 22:48:39"
503,45,20260419,1,"2026-07-16 22:48:39"
504,45,20260508,1,"2026-07-16 22:48:39"
505,45,20260605,1,"2026-07-16 22:48:39"
506,45,20260522,1,"2026-07-16 22:48:39"
507,45,20260601,1,"2026-07-16 22:48:39"
508,45,20260523,1,"2026-07-16 22:48:39"
509,45,20260507,1,"2026-07-16 22:48:39"
510,45,20260519,1,"2026-07-16 22:48:39"
511,6,20260426,1,"2026-07-16 22:48:39"
512,6,20260427,1,"2026-07-16 22:48:39"
513,6,20260530,1,"2026-07-16 22:48:39"
514,6,20260619,1,"2026-07-16 22:48:39"
515,6,20260616,1,"2026-07-16 22:48:39"
516,6,20260612,1,"2026-07-16 22:48:39"
517,6,20260628,1,"2026-07-16 22:48:39"
518,6,20260606,1,"2026-07-16 22:48:39"
519,6,20260507,1,"2026-07-16 22:48:39"
520,6,20260504,1,"2026-07-16 22:48:39"
521,6,20260521,1,"2026-07-16 22:48:39"
522,6,20260623,1,"2026-07-16 22:48:39"
523,6,20260429,1,"2026-07-16 22:48:39"
524,6,20260514,1,"2026-07-16 22:48:39"
525,6,20260609,1,"2026-07-16 22:48:39"
526,6,20260621,1,"2026-07-16 22:48:39"
527,6,20260614,1,"2026-07-16 22:48:39"
528,6,20260630,1,"2026-07-16 22:48:39"
529,6,20260711,1,"2026-07-16 22:48:39"
530,6,20260703,1,"2026-07-16 22:48:39"
531,6,20260520,1,"2026-07-16 22:48:39"
532,6,20260416,1,"2026-07-16 22:48:39"
533,6,20260502,1,"2026-07-16 22:48:39"
534,6,20260505,1,"2026-07-16 22:48:39"
535,6,20260526,1,"2026-07-16 22:48:39"
536,6,20260513,1,"2026-07-16 22:48:39"
537,6,20260528,1,"2026-07-16 22:48:39"
538,6,20260710,1,"2026-07-16 22:48:39"
539,6,20260622,1,"2026-07-16 22:48:39"
540,6,20260417,1,"2026-07-16 22:48:39"
541,6,20260501,1,"2026-07-16 22:48:39"
542,6,20260527,1,"2026-07-16 22:48:39"
543,6,20260618,1,"2026-07-16 22:48:39"
544,6,20260430,1,"2026-07-16 22:48:39"
545,6,20260604,1,"2026-07-16 22:48:39"
546,6,20260428,1,"2026-07-16 22:48:39"
547,6,20260709,1,"2026-07-16 22:48:39"
548,6,20260506,1,"2026-07-16 22:48:39"
549,6,20260503,1,"2026-07-16 22:48:39"
550,6,20260610,1,"2026-07-16 22:48:39"
551,6,20260519,1,"2026-07-16 22:48:39"
552,6,20260523,1,"2026-07-16 22:48:39"
553,6,20260605,1,"2026-07-16 22:48:39"
554,6,20260524,1,"2026-07-16 22:48:39"
555,6,20260613,1,"2026-07-16 22:48:39"
556,6,20260626,1,"2026-07-16 22:48:39"
557,6,20260617,1,"2026-07-16 22:48:39"
558,6,20260713,1,"2026-07-16 22:48:39"
559,6,20260624,1,"2026-07-16 22:48:39"
560,6,20260615,1,"2026-07-16 22:48:39"
561,6,20260625,1,"2026-07-16 22:48:39"
562,6,20260705,1,"2026-07-16 22:48:39"
563,6,20260620,1,"2026-07-16 22:48:39"
564,6,20260517,1,"2026-07-16 22:48:39"
565,6,20260423,1,"2026-07-16 22:48:39"
566,6,20260603,1,"2026-07-16 22:48:39"
567,6,20260701,1,"2026-07-16 22:48:39"
568,6,20260508,1,"2026-07-16 22:48:39"
569,6,20260425,1,"2026-07-16 22:48:39"
570,6,20260509,1,"2026-07-16 22:48:39"
571,57,20260511,1,"2026-07-16 22:48:39"
572,57,20260607,1,"2026-07-16 22:48:39"
573,57,20260522,1,"2026-07-16 22:48:39"
574,57,20260627,1,"2026-07-16 22:48:39"
575,57,20260629,1,"2026-07-16 22:48:39"
576,57,20260530,1,"2026-07-16 22:48:39"
577,57,20260713,1,"2026-07-16 22:48:39"
578,57,20260531,1,"2026-07-16 22:48:39"
579,57,20260421,1,"2026-07-16 22:48:39"
580,57,20260702,1,"2026-07-16 22:48:39"
581,57,20260621,1,"2026-07-16 22:48:39"
582,57,20260610,1,"2026-07-16 22:48:39"
583,57,20260425,1,"2026-07-16 22:48:39"
584,57,20260602,1,"2026-07-16 22:48:39"
585,57,20260508,1,"2026-07-16 22:48:39"
586,57,20260518,1,"2026-07-16 22:48:39"
587,57,20260714,1,"2026-07-16 22:48:39"
588,57,20260603,1,"2026-07-16 22:48:39"
589,57,20260507,1,"2026-07-16 22:48:39"
590,57,20260712,1,"2026-07-16 22:48:39"
591,57,20260623,1,"2026-07-16 22:48:39"
592,57,20260613,1,"2026-07-16 22:48:39"
593,57,20260423,1,"2026-07-16 22:48:39"
594,57,20260529,1,"2026-07-16 22:48:39"
595,57,20260525,1,"2026-07-16 22:48:39"
596,57,20260509,1,"2026-07-16 22:48:39"
597,57,20260604,1,"2026-07-16 22:48:39"
598,57,20260601,1,"2026-07-16 22:48:39"
599,57,20260420,1,"2026-07-16 22:48:39"
600,57,20260625,1,"2026-07-16 22:48:39"
601,57,20260504,1,"2026-07-16 22:48:39"
602,57,20260628,1,"2026-07-16 22:48:39"
603,57,20260517,1,"2026-07-16 22:48:39"
604,57,20260606,1,"2026-07-16 22:48:39"
605,57,20260505,1,"2026-07-16 22:48:39"
606,57,20260619,1,"2026-07-16 22:48:39"
607,57,20260707,1,"2026-07-16 22:48:39"
608,57,20260704,1,"2026-07-16 22:48:39"
609,57,20260516,1,"2026-07-16 22:48:39"
610,57,20260428,1,"2026-07-16 22:48:39"
611,57,20260417,1,"2026-07-16 22:48:39"
612,57,20260630,1,"2026-07-16 22:48:39"
613,57,20260503,1,"2026-07-16 22:48:39"
614,57,20260705,1,"2026-07-16 22:48:39"
615,57,20260510,1,"2026-07-16 22:48:39"
616,57,20260701,1,"2026-07-16 22:48:39"
617,57,20260424,1,"2026-07-16 22:48:39"
618,57,20260521,1,"2026-07-16 22:48:39"
619,57,20260502,1,"2026-07-16 22:48:39"
620,57,20260429,1,"2026-07-16 22:48:39"
621,57,20260520,1,"2026-07-16 22:48:39"
622,57,20260427,1,"2026-07-16 22:48:39"
623,57,20260524,1,"2026-07-16 22:48:39"
624,57,20260605,1,"2026-07-16 22:48:39"
625,57,20260612,1,"2026-07-16 22:48:39"
626,57,20260430,1,"2026-07-16 22:48:39"
627,57,20260513,1,"2026-07-16 22:48:39"
628,57,20260419,1,"2026-07-16 22:48:39"
629,57,20260626,1,"2026-07-16 22:48:39"
630,57,20260615,1,"2026-07-16 22:48:39"
631,62,20260521,1,"2026-07-16 22:48:39"
632,62,20260510,1,"2026-07-16 22:48:39"
633,62,20260517,1,"2026-07-16 22:48:39"
634,62,20260419,1,"2026-07-16 22:48:39"
635,62,20260708,1,"2026-07-16 22:48:39"
636,62,20260601,1,"2026-07-16 22:48:39"
637,62,20260628,1,"2026-07-16 22:48:39"
638,62,20260512,1,"2026-07-16 22:48:39"
639,62,20260506,1,"2026-07-16 22:48:39"
640,62,20260619,1,"2026-07-16 22:48:39"
641,62,20260511,1,"2026-07-16 22:48:39"
642,62,20260612,1,"2026-07-16 22:48:39"
643,62,20260606,1,"2026-07-16 22:48:39"
644,62,20260630,1,"2026-07-16 22:48:39"
645,62,20260421,1,"2026-07-16 22:48:39"
646,62,20260504,1,"2026-07-16 22:48:39"
647,62,20260422,1,"2026-07-16 22:48:39"
648,62,20260701,1,"2026-07-16 22:48:39"
649,62,20260709,1,"2026-07-16 22:48:39"
650,62,20260626,1,"2026-07-16 22:48:39"
651,62,20260627,1,"2026-07-16 22:48:39"
652,62,20260516,1,"2026-07-16 22:48:39"
653,62,20260515,1,"2026-07-16 22:48:39"
654,62,20260418,1,"2026-07-16 22:48:39"
655,62,20260623,1,"2026-07-16 22:48:39"
656,62,20260501,1,"2026-07-16 22:48:39"
657,62,20260423,1,"2026-07-16 22:48:39"
658,62,20260425,1,"2026-07-16 22:48:39"
659,62,20260519,1,"2026-07-16 22:48:39"
660,62,20260624,1,"2026-07-16 22:48:39"
661,62,20260629,1,"2026-07-16 22:48:39"
662,62,20260625,1,"2026-07-16 22:48:39"
663,62,20260622,1,"2026-07-16 22:48:39"
664,62,20260602,1,"2026-07-16 22:48:39"
665,62,20260524,1,"2026-07-16 22:48:39"
666,62,20260513,1,"2026-07-16 22:48:39"
667,62,20260509,1,"2026-07-16 22:48:39"
668,62,20260705,1,"2026-07-16 22:48:39"
669,62,20260505,1,"2026-07-16 22:48:39"
670,62,20260611,1,"2026-07-16 22:48:39"
671,62,20260603,1,"2026-07-16 22:48:39"
672,62,20260525,1,"2026-07-16 22:48:39"
673,62,20260704,1,"2026-07-16 22:48:39"
674,62,20260620,1,"2026-07-16 22:48:39"
675,62,20260522,1,"2026-07-16 22:48:39"
676,62,20260503,1,"2026-07-16 22:48:39"
677,62,20260610,1,"2026-07-16 22:48:39"
678,62,20260604,1,"2026-07-16 22:48:39"
679,62,20260528,1,"2026-07-16 22:48:39"
680,62,20260427,1,"2026-07-16 22:48:39"
681,62,20260702,1,"2026-07-16 22:48:39"
682,62,20260613,1,"2026-07-16 22:48:39"
683,62,20260507,1,"2026-07-16 22:48:39"
684,62,20260523,1,"2026-07-16 22:48:39"
685,62,20260618,1,"2026-07-16 22:48:39"
686,62,20260713,1,"2026-07-16 22:48:39"
687,62,20260529,1,"2026-07-16 22:48:39"
688,62,20260711,1,"2026-07-16 22:48:39"
689,62,20260608,1,"2026-07-16 22:48:39"
690,62,20260514,1,"2026-07-16 22:48:39"
691,62,20260712,1,"2026-07-16 22:48:39"
692,62,20260426,1,"2026-07-16 22:48:39"
693,42,20260511,1,"2026-07-16 22:48:39"
694,42,20260501,1,"2026-07-16 22:48:39"
695,42,20260517,1,"2026-07-16 22:48:39"
696,42,20260514,1,"2026-07-16 22:48:39"
697,42,20260701,1,"2026-07-16 22:48:39"
698,42,20260416,1,"2026-07-16 22:48:39"
699,42,20260707,1,"2026-07-16 22:48:39"
700,42,20260515,1,"2026-07-16 22:48:39"
701,42,20260623,1,"2026-07-16 22:48:39"
702,42,20260421,1,"2026-07-16 22:48:39"
703,42,20260502,1,"2026-07-16 22:48:39"
704,42,20260531,1,"2026-07-16 22:48:39"
705,42,20260622,1,"2026-07-16 22:48:39"
706,42,20260526,1,"2026-07-16 22:48:39"
707,42,20260423,1,"2026-07-16 22:48:39"
708,42,20260509,1,"2026-07-16 22:48:39"
709,42,20260627,1,"2026-07-16 22:48:39"
710,42,20260504,1,"2026-07-16 22:48:39"
711,42,20260518,1,"2026-07-16 22:48:39"
712,42,20260503,1,"2026-07-16 22:48:39"
713,42,20260629,1,"2026-07-16 22:48:39"
714,42,20260613,1,"2026-07-16 22:48:39"
715,42,20260615,1,"2026-07-16 22:48:39"
716,42,20260618,1,"2026-07-16 22:48:39"
717,42,20260525,1,"2026-07-16 22:48:39"
718,42,20260425,1,"2026-07-16 22:48:39"
719,42,20260609,1,"2026-07-16 22:48:39"
720,42,20260705,1,"2026-07-16 22:48:39"
721,42,20260621,1,"2026-07-16 22:48:39"
722,42,20260708,1,"2026-07-16 22:48:39"
723,42,20260606,1,"2026-07-16 22:48:39"
724,42,20260710,1,"2026-07-16 22:48:39"
725,42,20260605,1,"2026-07-16 22:48:39"
726,42,20260617,1,"2026-07-16 22:48:39"
727,42,20260624,1,"2026-07-16 22:48:39"
728,42,20260628,1,"2026-07-16 22:48:39"
729,42,20260417,1,"2026-07-16 22:48:39"
730,42,20260602,1,"2026-07-16 22:48:39"
731,42,20260510,1,"2026-07-16 22:48:39"
732,42,20260428,1,"2026-07-16 22:48:39"
733,42,20260625,1,"2026-07-16 22:48:39"
734,42,20260513,1,"2026-07-16 22:48:39"
735,42,20260420,1,"2026-07-16 22:48:39"
736,42,20260607,1,"2026-07-16 22:48:39"
737,42,20260422,1,"2026-07-16 22:48:39"
738,42,20260616,1,"2026-07-16 22:48:39"
739,42,20260522,1,"2026-07-16 22:48:39"
740,42,20260610,1,"2026-07-16 22:48:39"
741,42,20260620,1,"2026-07-16 22:48:39"
742,42,20260704,1,"2026-07-16 22:48:39"
743,42,20260604,1,"2026-07-16 22:48:39"
744,42,20260711,1,"2026-07-16 22:48:39"
745,42,20260424,1,"2026-07-16 22:48:39"
746,42,20260512,1,"2026-07-16 22:48:39"
747,42,20260601,1,"2026-07-16 22:48:39"
748,42,20260529,1,"2026-07-16 22:48:39"
749,42,20260528,1,"2026-07-16 22:48:39"
750,42,20260527,1,"2026-07-16 22:48:39"
751,42,20260521,1,"2026-07-16 22:48:39"
752,42,20260418,1,"2026-07-16 22:48:39"
753,42,20260426,1,"2026-07-16 22:48:39"
754,42,20260703,1,"2026-07-16 22:48:39"
755,42,20260516,1,"2026-07-16 22:48:39"
756,42,20260429,1,"2026-07-16 22:48:39"
757,42,20260714,1,"2026-07-16 22:48:39"
758,42,20260603,1,"2026-07-16 22:48:39"
759,42,20260608,1,"2026-07-16 22:48:39"
760,42,20260709,1,"2026-07-16 22:48:39"
761,42,20260508,1,"2026-07-16 22:48:39"
762,42,20260713,1,"2026-07-16 22:48:39"
763,7,20260416,1,"2026-07-16 22:48:39"
764,7,20260623,1,"2026-07-16 22:48:39"
765,7,20260626,1,"2026-07-16 22:48:39"
766,7,20260606,1,"2026-07-16 22:48:39"
767,7,20260514,1,"2026-07-16 22:48:39"
768,7,20260519,1,"2026-07-16 22:48:39"
769,7,20260424,1,"2026-07-16 22:48:39"
770,7,20260529,1,"2026-07-16 22:48:39"
771,7,20260607,1,"2026-07-16 22:48:39"
772,7,20260526,1,"2026-07-16 22:48:39"
773,7,20260419,1,"2026-07-16 22:48:39"
774,7,20260612,1,"2026-07-16 22:48:39"
775,7,20260422,1,"2026-07-16 22:48:39"
776,7,20260517,1,"2026-07-16 22:48:39"
777,7,20260507,1,"2026-07-16 22:48:39"
778,7,20260630,1,"2026-07-16 22:48:39"
779,7,20260616,1,"2026-07-16 22:48:39"
780,7,20260513,1,"2026-07-16 22:48:39"
781,7,20260531,1,"2026-07-16 22:48:39"
782,7,20260613,1,"2026-07-16 22:48:39"
783,7,20260627,1,"2026-07-16 22:48:39"
784,7,20260707,1,"2026-07-16 22:48:39"
785,7,20260522,1,"2026-07-16 22:48:39"
786,7,20260711,1,"2026-07-16 22:48:39"
787,7,20260708,1,"2026-07-16 22:48:39"
788,7,20260425,1,"2026-07-16 22:48:39"
789,7,20260524,1,"2026-07-16 22:48:39"
790,7,20260703,1,"2026-07-16 22:48:39"
791,7,20260609,1,"2026-07-16 22:48:39"
792,7,20260614,1,"2026-07-16 22:48:39"
793,7,20260608,1,"2026-07-16 22:48:39"
794,7,20260713,1,"2026-07-16 22:48:39"
795,7,20260625,1,"2026-07-16 22:48:39"
796,7,20260603,1,"2026-07-16 22:48:39"
797,7,20260622,1,"2026-07-16 22:48:39"
798,7,20260417,1,"2026-07-16 22:48:39"
799,7,20260518,1,"2026-07-16 22:48:39"
800,7,20260421,1,"2026-07-16 22:48:39"
801,7,20260525,1,"2026-07-16 22:48:39"
802,7,20260506,1,"2026-07-16 22:48:39"
803,7,20260501,1,"2026-07-16 22:48:39"
804,7,20260611,1,"2026-07-16 22:48:39"
805,7,20260428,1,"2026-07-16 22:48:39"
806,7,20260515,1,"2026-07-16 22:48:39"
807,7,20260602,1,"2026-07-16 22:48:39"
808,7,20260710,1,"2026-07-16 22:48:39"
809,7,20260620,1,"2026-07-16 22:48:39"
810,7,20260605,1,"2026-07-16 22:48:39"
811,7,20260418,1,"2026-07-16 22:48:39"
812,7,20260701,1,"2026-07-16 22:48:39"
813,7,20260706,1,"2026-07-16 22:48:39"
814,7,20260427,1,"2026-07-16 22:48:39"
815,7,20260617,1,"2026-07-16 22:48:39"
816,7,20260615,1,"2026-07-16 22:48:39"
817,7,20260503,1,"2026-07-16 22:48:39"
818,7,20260619,1,"2026-07-16 22:48:39"
819,7,20260604,1,"2026-07-16 22:48:39"
820,7,20260511,1,"2026-07-16 22:48:39"
821,15,20260630,1,"2026-07-16 22:48:39"
822,15,20260622,1,"2026-07-16 22:48:39"
823,15,20260505,1,"2026-07-16 22:48:39"
824,15,20260614,1,"2026-07-16 22:48:39"
825,15,20260603,1,"2026-07-16 22:48:39"
826,15,20260711,1,"2026-07-16 22:48:39"
827,15,20260419,1,"2026-07-16 22:48:39"
828,15,20260425,1,"2026-07-16 22:48:39"
829,15,20260504,1,"2026-07-16 22:48:39"
830,15,20260613,1,"2026-07-16 22:48:39"
831,15,20260519,1,"2026-07-16 22:48:39"
832,15,20260612,1,"2026-07-16 22:48:39"
833,15,20260601,1,"2026-07-16 22:48:39"
834,15,20260628,1,"2026-07-16 22:48:39"
835,15,20260610,1,"2026-07-16 22:48:39"
836,15,20260527,1,"2026-07-16 22:48:39"
837,15,20260609,1,"2026-07-16 22:48:39"
838,15,20260508,1,"2026-07-16 22:48:39"
839,15,20260524,1,"2026-07-16 22:48:39"
840,15,20260621,1,"2026-07-16 22:48:39"
841,15,20260530,1,"2026-07-16 22:48:39"
842,15,20260426,1,"2026-07-16 22:48:39"
843,15,20260429,1,"2026-07-16 22:48:39"
844,15,20260528,1,"2026-07-16 22:48:39"
845,15,20260516,1,"2026-07-16 22:48:39"
846,15,20260608,1,"2026-07-16 22:48:39"
847,15,20260421,1,"2026-07-16 22:48:39"
848,15,20260714,1,"2026-07-16 22:48:39"
849,15,20260704,1,"2026-07-16 22:48:39"
850,15,20260709,1,"2026-07-16 22:48:39"
851,15,20260427,1,"2026-07-16 22:48:39"
852,15,20260710,1,"2026-07-16 22:48:39"
853,15,20260510,1,"2026-07-16 22:48:39"
854,15,20260618,1,"2026-07-16 22:48:39"
855,15,20260706,1,"2026-07-16 22:48:39"
856,15,20260511,1,"2026-07-16 22:48:39"
857,15,20260629,1,"2026-07-16 22:48:39"
858,15,20260626,1,"2026-07-16 22:48:39"
859,15,20260620,1,"2026-07-16 22:48:39"
860,15,20260619,1,"2026-07-16 22:48:39"
861,15,20260705,1,"2026-07-16 22:48:39"
862,15,20260703,1,"2026-07-16 22:48:39"
863,15,20260708,1,"2026-07-16 22:48:39"
864,15,20260625,1,"2026-07-16 22:48:39"
865,15,20260624,1,"2026-07-16 22:48:39"
866,15,20260712,1,"2026-07-16 22:48:39"
867,15,20260513,1,"2026-07-16 22:48:39"
868,15,20260423,1,"2026-07-16 22:48:39"
869,15,20260713,1,"2026-07-16 22:48:39"
870,15,20260522,1,"2026-07-16 22:48:39"
871,15,20260607,1,"2026-07-16 22:48:39"
872,15,20260523,1,"2026-07-16 22:48:39"
873,15,20260701,1,"2026-07-16 22:48:39"
874,15,20260502,1,"2026-07-16 22:48:39"
875,15,20260606,1,"2026-07-16 22:48:39"
876,15,20260605,1,"2026-07-16 22:48:39"
877,15,20260627,1,"2026-07-16 22:48:39"
878,15,20260506,1,"2026-07-16 22:48:39"
879,15,20260531,1,"2026-07-16 22:48:39"
880,15,20260424,1,"2026-07-16 22:48:39"
881,15,20260602,1,"2026-07-16 22:48:39"
882,15,20260617,1,"2026-07-16 22:48:39"
883,15,20260416,1,"2026-07-16 22:48:39"
884,15,20260707,1,"2026-07-16 22:48:39"
885,15,20260503,1,"2026-07-16 22:48:39"
886,15,20260422,1,"2026-07-16 22:48:39"
887,15,20260509,1,"2026-07-16 22:48:39"
888,15,20260418,1,"2026-07-16 22:48:39"
889,15,20260615,1,"2026-07-16 22:48:39"
890,15,20260702,1,"2026-07-16 22:48:39"
891,15,20260518,1,"2026-07-16 22:48:39"
892,24,20260703,1,"2026-07-16 22:48:39"
893,24,20260618,1,"2026-07-16 22:48:39"
894,24,20260627,1,"2026-07-16 22:48:39"
895,24,20260427,1,"2026-07-16 22:48:39"
896,24,20260424,1,"2026-07-16 22:48:39"
897,24,20260502,1,"2026-07-16 22:48:39"
898,24,20260511,1,"2026-07-16 22:48:39"
899,24,20260505,1,"2026-07-16 22:48:39"
900,24,20260626,1,"2026-07-16 22:48:39"
901,24,20260503,1,"2026-07-16 22:48:39"
902,24,20260528,1,"2026-07-16 22:48:39"
903,24,20260429,1,"2026-07-16 22:48:39"
904,24,20260602,1,"2026-07-16 22:48:39"
905,24,20260614,1,"2026-07-16 22:48:39"
906,24,20260625,1,"2026-07-16 22:48:39"
907,24,20260612,1,"2026-07-16 22:48:39"
908,24,20260704,1,"2026-07-16 22:48:39"
909,24,20260610,1,"2026-07-16 22:48:39"
910,24,20260617,1,"2026-07-16 22:48:39"
911,24,20260622,1,"2026-07-16 22:48:39"
912,24,20260417,1,"2026-07-16 22:48:39"
913,24,20260523,1,"2026-07-16 22:48:39"
914,24,20260504,1,"2026-07-16 22:48:39"
915,24,20260714,1,"2026-07-16 22:48:39"
916,24,20260601,1,"2026-07-16 22:48:39"
917,24,20260613,1,"2026-07-16 22:48:39"
918,24,20260623,1,"2026-07-16 22:48:39"
919,24,20260620,1,"2026-07-16 22:48:39"
920,24,20260708,1,"2026-07-16 22:48:39"
921,24,20260607,1,"2026-07-16 22:48:39"
922,24,20260508,1,"2026-07-16 22:48:39"
923,24,20260501,1,"2026-07-16 22:48:39"
924,24,20260527,1,"2026-07-16 22:48:39"
925,24,20260426,1,"2026-07-16 22:48:39"
926,24,20260422,1,"2026-07-16 22:48:39"
927,24,20260428,1,"2026-07-16 22:48:39"
928,24,20260611,1,"2026-07-16 22:48:39"
929,24,20260517,1,"2026-07-16 22:48:39"
930,24,20260702,1,"2026-07-16 22:48:39"
931,24,20260512,1,"2026-07-16 22:48:39"
932,24,20260515,1,"2026-07-16 22:48:39"
933,24,20260423,1,"2026-07-16 22:48:39"
934,24,20260507,1,"2026-07-16 22:48:39"
935,24,20260506,1,"2026-07-16 22:48:39"
936,24,20260421,1,"2026-07-16 22:48:39"
937,24,20260514,1,"2026-07-16 22:48:39"
938,24,20260420,1,"2026-07-16 22:48:39"
939,24,20260416,1,"2026-07-16 22:48:39"
940,24,20260707,1,"2026-07-16 22:48:39"
941,24,20260520,1,"2026-07-16 22:48:39"
942,24,20260418,1,"2026-07-16 22:48:39"
943,24,20260615,1,"2026-07-16 22:48:39"
944,24,20260711,1,"2026-07-16 22:48:39"
945,24,20260713,1,"2026-07-16 22:48:39"
946,24,20260621,1,"2026-07-16 22:48:39"
947,24,20260524,1,"2026-07-16 22:48:39"
948,24,20260709,1,"2026-07-16 22:48:39"
949,24,20260606,1,"2026-07-16 22:48:39"
950,24,20260430,1,"2026-07-16 22:48:39"
951,24,20260608,1,"2026-07-16 22:48:39"
952,24,20260706,1,"2026-07-16 22:48:39"
953,24,20260513,1,"2026-07-16 22:48:39"
954,24,20260525,1,"2026-07-16 22:48:39"
955,24,20260629,1,"2026-07-16 22:48:39"
956,24,20260521,1,"2026-07-16 22:48:39"
957,24,20260624,1,"2026-07-16 22:48:39"
958,24,20260701,1,"2026-07-16 22:48:39"
959,24,20260531,1,"2026-07-16 22:48:39"
960,24,20260616,1,"2026-07-16 22:48:39"
961,24,20260510,1,"2026-07-16 22:48:39"
962,24,20260529,1,"2026-07-16 22:48:39"
963,24,20260519,1,"2026-07-16 22:48:39"
964,24,20260628,1,"2026-07-16 22:48:39"
965,24,20260630,1,"2026-07-16 22:48:39"
966,51,20260615,1,"2026-07-16 22:48:39"
967,51,20260703,1,"2026-07-16 22:48:39"
968,51,20260701,1,"2026-07-16 22:48:39"
969,51,20260604,1,"2026-07-16 22:48:39"
970,51,20260416,1,"2026-07-16 22:48:39"
971,51,20260505,1,"2026-07-16 22:48:39"
972,51,20260630,1,"2026-07-16 22:48:39"
973,51,20260530,1,"2026-07-16 22:48:39"
974,51,20260709,1,"2026-07-16 22:48:39"
975,51,20260526,1,"2026-07-16 22:48:39"
976,51,20260618,1,"2026-07-16 22:48:39"
977,51,20260626,1,"2026-07-16 22:48:39"
978,51,20260616,1,"2026-07-16 22:48:39"
979,51,20260510,1,"2026-07-16 22:48:39"
980,51,20260525,1,"2026-07-16 22:48:39"
981,51,20260430,1,"2026-07-16 22:48:39"
982,51,20260714,1,"2026-07-16 22:48:39"
983,51,20260503,1,"2026-07-16 22:48:39"
984,51,20260605,1,"2026-07-16 22:48:39"
985,51,20260612,1,"2026-07-16 22:48:39"
986,51,20260425,1,"2026-07-16 22:48:39"
987,51,20260711,1,"2026-07-16 22:48:39"
988,51,20260520,1,"2026-07-16 22:48:39"
989,51,20260610,1,"2026-07-16 22:48:39"
990,51,20260508,1,"2026-07-16 22:48:39"
991,51,20260707,1,"2026-07-16 22:48:39"
992,51,20260625,1,"2026-07-16 22:48:39"
993,51,20260607,1,"2026-07-16 22:48:39"
994,51,20260519,1,"2026-07-16 22:48:39"
995,51,20260506,1,"2026-07-16 22:48:39"
996,51,20260419,1,"2026-07-16 22:48:39"
997,51,20260423,1,"2026-07-16 22:48:39"
998,51,20260424,1,"2026-07-16 22:48:39"
999,51,20260501,1,"2026-07-16 22:48:39"
1000,51,20260428,1,"2026-07-16 22:48:39"
